{
  "libs/scraper/vitest.config.ts": 1776537069.038624,
  "libs/scraper/src/parse.ts": 1776437121.5968077,
  "libs/scraper/src/instagram.ts": 1776437121.596192,
  "libs/scraper/src/parse.test.ts": 1776437121.5965714,
  "libs/scraper/src/index.ts": 1776437121.5959866,
  "libs/scraper/src/config.ts": 1776437121.595797,
  "libs/scraper/src/jitter.ts": 1776437121.596366,
  "libs/ui/src/Card.tsx": 1776437121.6012545,
  "libs/ui/src/styled.d.ts": 1776513558.7088099,
  "libs/ui/src/Stack.tsx": 1776497946.081494,
  "libs/ui/src/ThemeProvider.tsx": 1776513620.5071251,
  "libs/ui/src/Badge.tsx": 1776513558.7593074,
  "libs/ui/src/GlobalStyles.tsx": 1776437121.6015892,
  "libs/ui/src/index.ts": 1776513558.7852752,
  "libs/ui/src/Button.tsx": 1776588036.5964453,
  "libs/ui/src/Checkbox.tsx": 1776437121.6014237,
  "libs/ui/src/Select.tsx": 1776437121.6019785,
  "libs/ui/src/Textarea.tsx": 1776437121.6023285,
  "libs/ui/src/Input.tsx": 1776437121.6017933,
  "libs/form/src/FormSubmit.tsx": 1776513620.6965854,
  "libs/form/src/FormTextarea.tsx": 1776513620.5458493,
  "libs/form/src/FormCheckbox.tsx": 1776513620.7582812,
  "libs/form/src/FormSelect.tsx": 1776513620.6320198,
  "libs/form/src/types.ts": 1776437121.594939,
  "libs/form/src/index.ts": 1776513558.6009197,
  "libs/form/src/FormInput.tsx": 1776513620.5759518,
  "libs/internationalization/src/index.ts": 1776537069.0379312,
  "libs/internationalization/src/lib/translator.ts": 1776537069.038259,
  "libs/internationalization/src/lib/translationKeys.ts": 1776523154.0233955,
  "libs/internationalization/src/lib/translator.spec.ts": 1776537069.038355,
  "libs/internationalization/src/lib/format.spec.ts": 1776523154.0225067,
  "libs/internationalization/src/lib/dictionaries.ts": 1776537069.0380228,
  "libs/internationalization/src/lib/InternationalizationProvider.tsx": 1776537069.0381393,
  "libs/internationalization/src/lib/types.ts": 1776523154.0241477,
  "libs/internationalization/src/lib/format.ts": 1776523154.022711,
  "libs/internationalization/src/lib/context.tsx": 1776523154.021915,
  "libs/internationalization/src/lib/useLocalizedText.spec.tsx": 1776537069.0384443,
  "libs/internationalization/src/lib/useLocalizedText.ts": 1776523154.0245142,
  "libs/ai/vitest.config.ts": 1776537069.0378237,
  "libs/ai/src/classifier.test.ts": 1776437121.5905318,
  "libs/ai/src/index.ts": 1776437121.5912116,
  "libs/ai/src/config.ts": 1776437121.5910213,
  "libs/ai/src/classifier.ts": 1776437121.5908108,
  "libs/ai/src/prompts/classify.ts": 1776437121.5914989,
  "libs/sharedTypes/src/forms.ts": 1776513558.6566577,
  "libs/sharedTypes/src/contest.ts": 1776437121.597802,
  "libs/sharedTypes/src/index.ts": 1776513558.6829076,
  "libs/sharedTypes/src/classifier.ts": 1776513558.630104,
  "libs/sharedTypes/src/scraper.ts": 1776437121.598273,
  "libs/db/prisma/seed.ts": 1776437121.5925431,
  "libs/db/src/index.ts": 1776518536.118896,
  "apps/web/next.config.mjs": 1776537136.73907,
  "apps/web/next-env.d.ts": 1776518536.118064,
  "apps/web/src/app/StyledComponentsRegistry.tsx": 1776513621.0744941,
  "apps/web/src/app/layout.tsx": 1776537069.0373147,
  "apps/web/src/app/page.tsx": 1776513620.904991,
  "apps/web/src/app/Providers.tsx": 1776523154.020553,
  "apps/web/src/app/accounts/page.tsx": 1776513621.0430174,
  "apps/web/src/app/history/page.tsx": 1776513620.9320178,
  "apps/web/src/app/api/accounts/route.ts": 1776537069.0374095,
  "apps/web/src/app/api/accounts/[id]/route.ts": 1776537069.037527,
  "apps/web/src/app/api/contests/[postId]/route.ts": 1776537069.0376313,
  "apps/web/src/app/runs/page.tsx": 1776513621.014693,
  "apps/web/src/components/ContestCard.tsx": 1776513620.8206637,
  "apps/web/src/components/AppShell.tsx": 1776513620.9607017,
  "apps/web/src/components/ContestList.tsx": 1776513620.8502948,
  "apps/web/src/components/AccountsManager.tsx": 1776513620.79265,
  "apps/web/src/lib/apiErrors.ts": 1776437121.5866897,
  "apps/web/src/lib/contests.ts": 1776437121.5869224,
  "apps/web/src/lib/format.ts": 1776437121.5871227,
  "apps/web/src/lib/mutations/createAccountMutation.ts": 1776513502.0205398,
  "apps/web/src/lib/mutations/deleteAccountMutation.ts": 1776513501.743775,
  "apps/web/src/lib/mutations/updateAccountMutation.ts": 1776513501.6468132,
  "apps/web/src/lib/mutations/updateStatusMutation.ts": 1776497946.079326,
  "apps/web/src/lib/queries/fetchAccountsQuery.ts": 1776497946.079577,
  "apps/worker/src/runOnce.ts": 1776437121.5892088,
  "apps/worker/src/seedAccounts.ts": 1776437121.5894017,
  "apps/worker/src/main.ts": 1776437121.5887358,
  "apps/worker/src/pipeline.ts": 1776437121.5890129,
  "apps/worker/src/logger.ts": 1776437121.5884972,
  "apps/worker/src/config.ts": 1776437121.588304,
  "REFACTORING_SUMMARY.md": 1776497946.0755825,
  "README.md": 1776537092.0306406,
  "AGENTS.md": 1776592084.0500727,
  "CLAUDE.md": 1776592320.5426211,
  "graphify-out/graph.html": 1776592877.5902605,
  "graphify-out/GRAPH_REPORT.md": 1776592871.4055197,
  "graphify-out/wiki/translationKeys.ts.md": 1776592521.3886216,
  "graphify-out/wiki/Stack.tsx.md": 1776592521.387996,
  "graphify-out/wiki/jitter().md": 1776592521.3896074,
  "graphify-out/wiki/ContestCard.tsx.md": 1776592521.3877406,
  "graphify-out/wiki/TanStack_Query_&_Mutation_Refactoring.md": 1776592521.389763,
  "graphify-out/wiki/Card.tsx.md": 1776592521.3879118,
  "graphify-out/wiki/FormCheckbox.tsx.md": 1776592521.3883908,
  "graphify-out/wiki/Checkbox.tsx.md": 1776592521.388201,
  "graphify-out/wiki/layout.tsx.md": 1776592521.3875892,
  "graphify-out/wiki/FormSubmit().md": 1776592521.3871932,
  "graphify-out/wiki/runPipeline().md": 1776592521.3895535,
  "graphify-out/wiki/GlobalStyles.tsx.md": 1776592521.3880785,
  "graphify-out/wiki/ContestList.tsx.md": 1776592521.387037,
  "graphify-out/wiki/loadWorkerEnv().md": 1776592521.389875,
  "graphify-out/wiki/StyledComponentsRegistry.tsx.md": 1776592521.3875492,
  "graphify-out/wiki/format.spec.ts.md": 1776592521.3887372,
  "graphify-out/wiki/classify().md": 1776592521.3867557,
  "graphify-out/wiki/useLocalizedText.spec.tsx.md": 1776592521.3874218,
  "graphify-out/wiki/useLocalizedText.ts.md": 1776592521.387466,
  "graphify-out/wiki/FormTextarea().md": 1776592521.387241,
  "graphify-out/wiki/FormInput().md": 1776592521.387284,
  "graphify-out/wiki/parse.test.ts.md": 1776592521.3869355,
  "graphify-out/wiki/Badge.tsx.md": 1776592521.388036,
  "graphify-out/wiki/seed.ts.md": 1776592521.3875062,
  "graphify-out/wiki/Input.tsx.md": 1776592521.3883421,
  "graphify-out/wiki/types.ts.md": 1776592521.3888192,
  "graphify-out/wiki/classifyBatch().md": 1776592521.389825,
  "graphify-out/wiki/vitest.config.ts.md": 1776592521.3889165,
  "graphify-out/wiki/forms.ts.md": 1776592521.389016,
  "graphify-out/wiki/InstagramScraper.md": 1776592521.389499,
  "graphify-out/wiki/Providers.tsx.md": 1776592521.3876386,
  "graphify-out/wiki/page.tsx.md": 1776592521.3876839,
  "graphify-out/wiki/Known_Limitations_(v0).md": 1776592521.38944,
  "graphify-out/wiki/Textarea.tsx.md": 1776592521.3882902,
  "graphify-out/wiki/index.md": 1776592521.390053,
  "graphify-out/wiki/Claude_API_Skill_Requirement_Rationale.md": 1776592521.38669,
  "graphify-out/wiki/FormSelect.tsx.md": 1776592521.38844,
  "graphify-out/wiki/AppShell.tsx.md": 1776592521.3877888,
  "graphify-out/wiki/scraper.ts.md": 1776592521.3892162,
  "graphify-out/wiki/styled.d.ts.md": 1776592521.3879545,
  "graphify-out/wiki/index.ts.md": 1776592521.389253,
  "graphify-out/wiki/translator.spec.ts.md": 1776592521.3886878,
  "graphify-out/wiki/handleRouteError().md": 1776592521.3897064,
  "graphify-out/wiki/Instagram_Giveaway_Aggregator_Project_Summary.md": 1776592521.389929,
  "graphify-out/wiki/next-env.d.ts.md": 1776592521.3893495,
  "graphify-out/wiki/classifier.ts.md": 1776592521.3891628,
  "graphify-out/wiki/AccountsManager_Component_Refactoring.md": 1776592521.3899665,
  "graphify-out/wiki/AccountsManager().md": 1776592521.3896568,