{
  "libs/scraper/vitest.config.ts": 1776537069.038624,
  "libs/scraper/src/parse.ts": 1776437121.5968077,
  "libs/scraper/src/instagram.ts": 1776437121.596192,
  "libs/scraper/src/parse.test.ts": 1776437121.5965714,
  "libs/scraper/src/index.ts": 1776437121.5959866,
  "libs/scraper/src/config.ts": 1776437121.595797,
  "libs/scraper/src/jitter.ts": 1776437121.596366,
  "libs/ui/src/Card.tsx": 1776437121.6012545,
  "libs/ui/src/styled.d.ts": 1776513558.7088099,
  "libs/ui/src/Stack.tsx": 1776497946.081494,
  "libs/ui/src/ThemeProvider.tsx": 1776513620.5071251,
  "libs/ui/src/Badge.tsx": 1776513558.7593074,
  "libs/ui/src/GlobalStyles.tsx": 1776437121.6015892,
  "libs/ui/src/index.ts": 1776513558.7852752,
  "libs/ui/src/Button.tsx": 1776588036.5964453,
  "libs/ui/src/Checkbox.tsx": 1776437121.6014237,
  "libs/ui/src/Select.tsx": 1776437121.6019785,
  "libs/ui/src/Textarea.tsx": 1776437121.6023285,
  "libs/ui/src/Input.tsx": 1776437121.6017933,
  "libs/form/src/FormSubmit.tsx": 1776513620.6965854,
  "libs/form/src/FormTextarea.tsx": 1776513620.5458493,
  "libs/form/src/FormCheckbox.tsx": 1776513620.7582812,
  "libs/form/src/FormSelect.tsx": 1776513620.6320198,
  "libs/form/src/types.ts": 1776437121.594939,
  "libs/form/src/index.ts": 1776513558.6009197,
  "libs/form/src/FormInput.tsx": 1776513620.5759518,
  "libs/internationalization/src/index.ts": 1776537069.0379312,
  "libs/internationalization/src/lib/translator.ts": 1776537069.038259,
  "libs/internationalization/src/lib/translationKeys.ts": 1776523154.0233955,
  "libs/internationalization/src/lib/translator.spec.ts": 1776537069.038355,
  "libs/internationalization/src/lib/format.spec.ts": 1776523154.0225067,
  "libs/internationalization/src/lib/dictionaries.ts": 1776537069.0380228,
  "libs/internationalization/src/lib/InternationalizationProvider.tsx": 1776537069.0381393,
  "libs/internationalization/src/lib/types.ts": 1776523154.0241477,
  "libs/internationalization/src/lib/format.ts": 1776523154.022711,
  "libs/internationalization/src/lib/context.tsx": 1776523154.021915,
  "libs/internationalization/src/lib/useLocalizedText.spec.tsx": 1776537069.0384443,
  "libs/internationalization/src/lib/useLocalizedText.ts": 1776523154.0245142,
  "libs/ai/vitest.config.ts": 1776537069.0378237,
  "libs/ai/src/classifier.test.ts": 1776437121.5905318,
  "libs/ai/src/index.ts": 1776437121.5912116,
  "libs/ai/src/config.ts": 1776437121.5910213,
  "libs/ai/src/classifier.ts": 1776437121.5908108,
  "libs/ai/src/prompts/classify.ts": 1776437121.5914989,
  "libs/sharedTypes/src/forms.ts": 1776513558.6566577,
  "libs/sharedTypes/src/contest.ts": 1776437121.597802,
  "libs/sharedTypes/src/index.ts": 1776513558.6829076,
  "libs/sharedTypes/src/classifier.ts": 1776513558.630104,
  "libs/sharedTypes/src/scraper.ts": 1776437121.598273,
  "libs/db/prisma/seed.ts": 1776437121.5925431,
  "libs/db/src/index.ts": 1776518536.118896,
  "apps/web/next.config.mjs": 1776537136.73907,
  "apps/web/next-env.d.ts": 1776518536.118064,
  "apps/web/src/app/StyledComponentsRegistry.tsx": 1776513621.0744941,
  "apps/web/src/app/layout.tsx": 1776537069.0373147,
  "apps/web/src/app/page.tsx": 1776513620.904991,
  "apps/web/src/app/Providers.tsx": 1776523154.020553,
  "apps/web/src/app/accounts/page.tsx": 1776513621.0430174,
  "apps/web/src/app/history/page.tsx": 1776513620.9320178,
  "apps/web/src/app/api/accounts/route.ts": 1776537069.0374095,
  "apps/web/src/app/api/accounts/[id]/route.ts": 1776537069.037527,
  "apps/web/src/app/api/contests/[postId]/route.ts": 1776537069.0376313,
  "apps/web/src/app/runs/page.tsx": 1776513621.014693,
  "apps/web/src/components/ContestCard.tsx": 1776513620.8206637,
  "apps/web/src/components/AppShell.tsx": 1776513620.9607017,
  "apps/web/src/components/ContestList.tsx": 1776513620.8502948,
  "apps/web/src/components/AccountsManager.tsx": 1776513620.79265,
  "apps/web/src/lib/apiErrors.ts": 1776437121.5866897,
  "apps/web/src/lib/contests.ts": 1776437121.5869224,
  "apps/web/src/lib/format.ts": 1776437121.5871227,
  "apps/web/src/lib/mutations/createAccountMutation.ts": 1776513502.0205398,
  "apps/web/src/lib/mutations/deleteAccountMutation.ts": 1776513501.743775,
  "apps/web/src/lib/mutations/updateAccountMutation.ts": 1776513501.6468132,
  "apps/web/src/lib/mutations/updateStatusMutation.ts": 1776497946.079326,
  "apps/web/src/lib/queries/fetchAccountsQuery.ts": 1776497946.079577,
  "apps/worker/src/runOnce.ts": 1776437121.5892088,
  "apps/worker/src/seedAccounts.ts": 1776437121.5894017,
  "apps/worker/src/main.ts": 1776437121.5887358,
  "apps/worker/src/pipeline.ts": 1776437121.5890129,
  "apps/worker/src/logger.ts": 1776437121.5884972,
  "apps/worker/src/config.ts": 1776437121.588304,
  "REFACTORING_SUMMARY.md": 1776497946.0755825,
  "README.md": 1776537092.0306406,
  "AGENTS.md": 1776586463.324047
}